{"groups": {"default": {"0": [0.9145738482475281, 0.9564381241798401, 0.7694987654685974, 0.6216904520988464, 0.7457414269447327, 0.5991314649581909], "1": [0.4057721495628357, 0.41524285078048706, 0.27211031317710876, 0.36088231205940247, 0.5012597441673279, 0.4852868318557739, 0.402646005153656, 0.48399513959884644, 0.5003721117973328, 0.4544474184513092, 0.4622715711593628, 0.3725474178791046, 0.5386690497398376, 0.4399334490299225, 0.4961130917072296, 0.47772470116615295, 0.38445502519607544, 0.38106387853622437, 0.39053982496261597, 0.4340178966522217, 0.428909569978714, 0.4488683342933655, 0.35846975445747375, 0.40898141264915466, 0.5004144906997681, 0.4551582932472229, 0.5330092310905457, 0.39367812871932983, 0.43991416692733765, 0.3525368273258209, 0.4247078597545624, 0.36167508363723755], "2": [0.5060766339302063, 0.5780834555625916, 0.5157200694084167, 0.3191113770008087, 0.6802768111228943, 1.0411036014556885, 0.46088775992393494, 0.18627704679965973, 0.16834619641304016, 0.6719770431518555, 0.7632863521575928, 1.0776292085647583, 0.5143545269966125, 1.2079899311065674, 0.7188282608985901, 0.7725912928581238], "3": [0.6564606428146362, 0.9475913643836975, 0.9827079176902771, 0.0, 0.002506367629393935, 0.7383363246917725, 0.9902607202529907, 0.33119839429855347], "4": [1.3082009553909302]}, "filter_a2275149": {"0": [1.0038150548934937, 1.1520460844039917, 0.7945517301559448, 0.514597475528717, 0.7698673605918884, 0.7722406387329102], "1": [0.7212576866149902, 0.6762853860855103, 0.2717188000679016, 0.4076375663280487, 0.1698705554008484, 0.1560511738061905, 0.7725905776023865, 0.8897751569747925, 0.9795520901679993, 0.2334216982126236, 0.7202329635620117, 0.4483163356781006, 0.19239532947540283, 0.1738799810409546, 0.8243299126625061, 0.20085181295871735, 0.42619720101356506, 0.18836760520935059, 0.1955316811800003, 0.3891701102256775, 0.2210242748260498, 0.2490781545639038, 0.43128129839897156, 0.2892805337905884, 0.6968778371810913, 0.36470434069633484, 1.0359145402908325, 0.49322760105133057, 0.8242099285125732, 0.40966904163360596, 0.8861952424049377, 0.6769832372665405], "2": [0.8997344970703125, 0.2091713398694992, 0.21996846795082092, 0.09194383770227432, 0.3084625005722046, 1.6171278953552246, 0.2068263441324234, 0.3209117650985718, 0.287082701921463, 0.29730620980262756, 0.3184019923210144, 0.9546012878417969, 0.1934356689453125, 1.8125083446502686, 1.3353712558746338, 0.3344757556915283], "3": [0.216580331325531, 0.323405921459198, 1.806977391242981, 0.0, 0.0002887636364903301, 0.26437580585479736, 0.3373623788356781, 0.12891742587089539], "4": [0.74302077293396]}, "filter_04df8c7c": {"0": [0.8585761189460754, 0.8336969614028931, 0.7537774443626404, 0.6888923645019531, 0.7306022644042969, 0.49050113558769226], "1": [0.20779788494110107, 0.25143253803253174, 0.2723560035228729, 0.33154213428497314, 0.7092142105102539, 0.6918897032737732, 0.17049755156040192, 0.2293594926595688, 0.1996757835149765, 0.5931465029716492, 0.30039510130882263, 0.325001060962677, 0.7559638023376465, 0.6068882346153259, 0.2901495695114136, 0.6514689922332764, 0.35826095938682556, 0.501985490322113, 0.5129120945930481, 0.46216148138046265, 0.55936199426651, 0.5742412805557251, 0.3127794563770294, 0.4840964078903198, 0.3771287500858307, 0.5119200944900513, 0.21742476522922516, 0.33120936155319214, 0.19875997304916382, 0.3166850805282593, 0.13511382043361664, 0.16381163895130157], "2": [0.25904780626296997, 0.8095846176147461, 0.7013108730316162, 0.46166443824768066, 0.9135987162590027, 0.6796345114707947, 0.6203171610832214, 0.10179063677787781, 0.09383627772331238, 0.9070920348167419, 1.0424613952636719, 1.1548316478729248, 0.7157384157180786, 0.828639030456543, 0.33193376660346985, 1.0475192070007324], "3": [0.9324957728385925, 1.3392822742462158, 0.46545958518981934, 0.0, 0.0038979649543762207, 1.0357569456100464, 1.3999699354171753, 0.458134263753891], "4": [1.6628644466400146]}, "filter_7971fcc9": {"0": [0.938549816608429, 1.3425275087356567, 0.7877659201622009, 0.6485457420349121, 0.9396024346351624, 0.7199351191520691], "1": [0.628887951374054, 0.870195746421814, 0.400277704000473, 0.32702624797821045, 0.05990549549460411, 0.013331333175301552, 0.8349376916885376, 0.8729246258735657, 1.2823641300201416, 0.06834376603364944, 0.7730125784873962, 0.6554542779922485, 0.0, 0.23301886022090912, 1.153369665145874, 0.04250796139240265, 0.5052922964096069, 0.40486717224121094, 0.4128445088863373, 0.41284066438674927, 0.09318307042121887, 0.1085924431681633, 0.20600932836532593, 0.14232566952705383, 0.5365512371063232, 0.6619418859481812, 1.4907379150390625, 0.6040258407592773, 0.9378005862236023, 0.6233423948287964, 0.9924962520599365, 0.7196329832077026], "2": [1.0677320957183838, 0.11965372413396835, 0.04088927432894707, 0.06163382530212402, 0.24534696340560913, 1.8781241178512573, 0.18555320799350739, 0.2552986741065979, 0.3692072033882141, 0.30219149589538574, 0.2143051028251648, 0.8531737327575684, 0.14143075048923492, 2.252441883087158, 1.4929612874984741, 0.208327516913414], "3": [0.02921835519373417, 0.20284108817577362, 2.079559326171875, 0.0, 0.0, 0.048379357904195786, 0.2370499223470688, 0.005754813551902771], "4": [0.5462350845336914]}, "filter_8d0a61ee": {"0": [0.9014381170272827, 0.7448707818984985, 0.7594885230064392, 0.6069726347923279, 0.6395081281661987, 0.5329317450523376], "1": [0.2835064232349396, 0.16593174636363983, 0.20187540352344513, 0.37943512201309204, 0.7431188821792603, 0.7439152598381042, 0.1657532900571823, 0.2708650529384613, 0.07184609770774841, 0.6660298109054565, 0.2919878661632538, 0.21751677989959717, 0.8338559865951538, 0.553321123123169, 0.1359410583972931, 0.716220498085022, 0.3182372450828552, 0.3680199682712555, 0.37831729650497437, 0.4456234574317932, 0.6128852367401123, 0.6353371739387512, 0.4420175850391388, 0.5551069974899292, 0.4806114435195923, 0.34184229373931885, 0.008180699311196804, 0.2784097194671631, 0.16707617044448853, 0.20413723587989807, 0.11356353759765625, 0.1655164361000061], "2": [0.1982935667037964, 0.8292997479438782, 0.7759239077568054, 0.46020743250846863, 0.9186151027679443, 0.5824218988418579, 0.6117691397666931, 0.14845366775989532, 0.05827578529715538, 0.8746172785758972, 1.0641242265701294, 1.200628399848938, 0.7187142372131348, 0.6356362700462341, 0.2946091890335083, 1.0818039178848267], "3": [1.0001850128173828, 1.3557095527648926, 0.38164055347442627, 0.0, 0.0038798395544290543, 1.1164276599884033, 1.403015375137329, 0.5095392465591431], "4": [1.7257529497146606]}, "filter_a133d921": {"0": [1.5605446100234985, 1.004960060119629, 0.9496946930885315, 0.484409362077713, 0.7065638303756714, 1.1877790689468384], "1": [1.4700934886932373, 0.9632275700569153, 0.03643031418323517, 0.7672267556190491, 0.23944950103759766, 0.18993322551250458, 0.9575998783111572, 1.2625030279159546, 1.024655818939209, 0.647524356842041, 1.2836840152740479, 0.3475334048271179, 0.2565747797489166, 0.03652258217334747, 0.4348651170730591, 0.3611726760864258, 0.09211250394582748, 0.011376344598829746, 0.15546360611915588, 0.24716317653656006, 0.5453073382377625, 0.2822036147117615, 1.0144115686416626, 0.41443783044815063, 1.7195767164230347, 0.0012366543523967266, 0.7143415808677673, 0.5800725221633911, 1.1234934329986572, 0.0516437366604805, 0.972137451171875, 1.0578324794769287], "2": [1.0250784158706665, 0.22244033217430115, 0.47687554359436035, 0.11175063252449036, 0.29337453842163086, 2.0465099811553955, 0.2621168792247772, 0.7434957027435303, 0.15865713357925415, 0.2209625393152237, 0.4845598638057709, 1.3884775638580322, 0.2014760673046112, 1.987305998802185, 1.528337836265564, 0.5621297359466553], "3": [0.2660149335861206, 0.37580597400665283, 2.1219794750213623, 0.0, 0.0, 0.4794398546218872, 0.3909328877925873, 0.23783063888549805], "4": [0.8301495313644409]}, "filter_d0f799a5": {"0": [0.836913526058197, 0.9215907454490662, 0.7058403491973877, 0.7328306436538696, 0.776499330997467, 0.4417892098426819],